Workbook

Sheet .txt的名称
A1: Potential (V) | B1: Current (A) | F1: 峰值功率密度 | G1: Potential (V) | H1: Current (A)
A2: 0.16592813 | B2: -0.92729592 | C2: =B2/-0.196 -> 4.7311016 | D2: =A2*1 -> 0.16592813 | E2: =C2*D2 -> 0.78502283 | F2: =MAX(E:E) -> 1.4600676 | G2: 0.16592813 | H2: -0.92729592
A3: 0.16408789 | B3: -0.91288078 | C3: =B3/-0.196 -> 4.657555 | D3: =A3*1 -> 0.16408789 | E3: =C3*D3 -> 0.76424838 | G3: 0.16408789 | H3: -0.91288078
A4: 0.16347449 | B4: -0.90233004 | C4: =B4/-0.196 -> 4.6037247 | D4: =A4*1 -> 0.16347449 | E4: =C4*D4 -> 0.75259153 | G4: 0.16347449 | H4: -0.90233004
A5: 0.16316777 | B5: -0.89429432 | C5: =B5/-0.196 -> 4.5627261 | D5: =A5*1 -> 0.16316777 | E5: =C5*D5 -> 0.74448987 | G5: 0.16316777 | H5: -0.89429432
A6: 0.16286106 | B6: -0.88791484 | C6: =B6/-0.196 -> 4.5301777 | D6: =A6*1 -> 0.16286106 | E6: =C6*D6 -> 0.73778957 | G6: 0.16286106 | H6: -0.88791484
A7: 0.16286106 | B7: -0.88263953 | C7: =B7/-0.196 -> 4.5032629 | D7: =A7*1 -> 0.16286106 | E7: =C7*D7 -> 0.73340619 | G7: 0.16286106 | H7: -0.88263953
A8: 0.16347449 | B8: -0.87803888 | C8: =B8/-0.196 -> 4.4797902 | D8: =A8*1 -> 0.16347449 | E8: =C8*D8 -> 0.7323314 | G8: 0.16347449 | H8: -0.87803888
A9: 0.16347449 | B9: -0.87429708 | C9: =B9/-0.196 -> 4.4606994 | D9: =A9*1 -> 0.16347449 | E9: =C9*D9 -> 0.72921054 | G9: 0.16347449 | H9: -0.87429708
A10: 0.16408789 | B10: -0.87104601 | C10: =B10/-0.196 -> 4.4441123 | D10: =A10*1 -> 0.16408789 | E10: =C10*D10 -> 0.72922501 | G10: 0.16408789 | H10: -0.87104601
A11: 0.1647013 | B11: -0.8681016 | C11: =B11/-0.196 -> 4.4290898 | D11: =A11*1 -> 0.1647013 | E11: =C11*D11 -> 0.72947684 | G11: 0.1647013 | H11: -0.8681016
A12: 0.16531472 | B12: -0.86540264 | C12: =B12/-0.196 -> 4.4153196 | D12: =A12*1 -> 0.16531472 | E12: =C12*D12 -> 0.72991732 | G12: 0.16531472 | H12: -0.86540264
A13: 0.16562143 | B13: -0.86313295 | C13: =B13/-0.196 -> 4.4037396 | D13: =A13*1 -> 0.16562143 | E13: =C13*D13 -> 0.72935364 | G13: 0.16562143 | H13: -0.86313295
A14: 0.16623484 | B14: -0.86117005 | C14: =B14/-0.196 -> 4.3937248 | D14: =A14*1 -> 0.16623484 | E14: =C14*D14 -> 0.73039012 | G14: 0.16623484 | H14: -0.86117005
... A992: 1.0274663 | B992: -0.0088098329 | C992: =B992/-0.196 -> 0.044948127 | D992: =A992*1 -> 1.0274663 | E992: =C992*D992 -> 0.046182685 | G992: 1.0274663 | H992: -0.0088098329
A993: 1.0283864 | B993: -0.0076302402 | G993: 1.0283864 | H993: -0.0076302402
A994: 1.0293065 | B994: -0.0065794643 | G994: 1.0293065 | H994: -0.0065794643
A995: 1.0302266 | B995: -0.0057194596 | G995: 1.0302266 | H995: -0.0057194596

Sheet 1A-600-LSV-1（举例）
A1: Potential (V) | B1: Current (A) | F1: 峰值功率密度 | G1: Potential (V) | H1: Current (A)
A2: 0.1358709 | B2: -0.76228791 | C2: =B2/-0.196 -> 3.8892241 | D2: =A2*1 -> 0.1358709 | E2: =C2*D2 -> 0.52843239 | F2: =MAX(E:E) -> 1.2173581 | G2: 0.1358709 | H2: -0.76228791
A3: 0.13403067 | B3: -0.74505103 | C3: =B3/-0.196 -> 3.8012807 | D3: =A3*1 -> 0.13403067 | E3: =C3*D3 -> 0.50948821 | G3: 0.13403067 | H3: -0.74505103
A4: 0.13280384 | B4: -0.73302817 | C4: =B4/-0.196 -> 3.7399397 | D4: =A4*1 -> 0.13280384 | E4: =C4*D4 -> 0.49667836 | G4: 0.13280384 | H4: -0.73302817
A5: 0.13249713 | B5: -0.72394967 | C5: =B5/-0.196 -> 3.6936208 | D5: =A5*1 -> 0.13249713 | E5: =C5*D5 -> 0.48939416 | G5: 0.13249713 | H5: -0.72394967
A6: 0.13219044 | B6: -0.71701807 | C6: =B6/-0.196 -> 3.6582554 | D6: =A6*1 -> 0.13219044 | E6: =C6*D6 -> 0.48358638 | G6: 0.13219044 | H6: -0.71701807
A7: 0.13249713 | B7: -0.71143603 | C7: =B7/-0.196 -> 3.6297757 | D7: =A7*1 -> 0.13249713 | E7: =C7*D7 -> 0.48093487 | G7: 0.13249713 | H7: -0.71143603
A8: 0.13249713 | B8: -0.70714211 | C8: =B8/-0.196 -> 3.6078679 | D8: =A8*1 -> 0.13249713 | E8: =C8*D8 -> 0.47803215 | G8: 0.13249713 | H8: -0.70714211
A9: 0.13280384 | B9: -0.70327765 | C9: =B9/-0.196 -> 3.5881513 | D9: =A9*1 -> 0.13280384 | E9: =C9*D9 -> 0.47652027 | G9: 0.13280384 | H9: -0.70327765
A10: 0.13341726 | B10: -0.70002657 | C10: =B10/-0.196 -> 3.5715641 | D10: =A10*1 -> 0.13341726 | E10: =C10*D10 -> 0.47650831 | G10: 0.13341726 | H10: -0.70002657
A11: 0.13403067 | B11: -0.69738889 | C11: =B11/-0.196 -> 3.5581066 | D11: =A11*1 -> 0.13403067 | E11: =C11*D11 -> 0.47689541 | G11: 0.13403067 | H11: -0.69738889
A12: 0.13464408 | B12: -0.69518059 | C12: =B12/-0.196 -> 3.5468398 | D12: =A12*1 -> 0.13464408 | E12: =C12*D12 -> 0.47756096 | G12: 0.13464408 | H12: -0.69518059
A13: 0.1352575 | B13: -0.69303364 | C13: =B13/-0.196 -> 3.5358859 | D13: =A13*1 -> 0.1352575 | E13: =C13*D13 -> 0.47825508 | G13: 0.1352575 | H13: -0.69303364
A14: 0.1358709 | B14: -0.6911934 | C14: =B14/-0.196 -> 3.5264969 | D14: =A14*1 -> 0.1358709 | E14: =C14*D14 -> 0.47914833 | G14: 0.1358709 | H14: -0.6911934
... A992: 1.0467887 | B992: -0.0018157015 | C992: =B992/-0.196 -> 0.0092637831 | D992: =A992*1 -> 1.0467887 | E992: =C992*D992 -> 0.0096972234 | G992: 1.0467887 | H992: -0.0018157015
A993: 1.0480156 | B993: -0.0009195056 | G993: 1.0480156 | H993: -0.0009195056
A994: 1.0489357 | B994: 5.1158619e-05 | G994: 1.0489357 | H994: 5.1158619e-05
A995: 1.0495491 | B995: 0.00020100307 | G995: 1.0495491 | H995: 0.00020100307

Sheet 1A-600-LSV-2（举例）
A1: Potential (V) | B1: Current (A) | F1: 峰值功率密度 | G1: Potential (V) | H1: Current (A)
A2: 0.11164111 | B2: -0.62193912 | C2: =B2/-0.196 -> 3.1731588 | D2: =A2*1 -> 0.11164111 | E2: =C2*D2 -> 0.35425497 | F2: =MAX(E:E) -> 0.94779688 | G2: 0.11164111 | H2: -0.62193912
A3: 0.10888075 | B3: -0.60040832 | C3: =B3/-0.196 -> 3.0633077 | D3: =A3*1 -> 0.10888075 | E3: =C3*D3 -> 0.33353525 | G3: 0.10888075 | H3: -0.60040832
A4: 0.10704051 | B4: -0.58513433 | C4: =B4/-0.196 -> 2.9853792 | D4: =A4*1 -> 0.10704051 | E4: =C4*D4 -> 0.31955651 | G4: 0.10704051 | H4: -0.58513433
A5: 0.10612039 | B5: -0.5736022 | C5: =B5/-0.196 -> 2.9265418 | D5: =A5*1 -> 0.10612039 | E5: =C5*D5 -> 0.31056577 | G5: 0.10612039 | H5: -0.5736022
A6: 0.10550698 | B6: -0.5642783 | C6: =B6/-0.196 -> 2.8789709 | D6: =A6*1 -> 0.10550698 | E6: =C6*D6 -> 0.30375153 | G6: 0.10550698 | H6: -0.5642783
A7: 0.10550698 | B7: -0.55673337 | C7: =B7/-0.196 -> 2.8404764 | D7: =A7*1 -> 0.10550698 | E7: =C7*D7 -> 0.29969008 | G7: 0.10550698 | H7: -0.55673337
A8: 0.10520028 | B8: -0.55035388 | C8: =B8/-0.196 -> 2.807928 | D8: =A8*1 -> 0.10520028 | E8: =C8*D8 -> 0.2953948 | G8: 0.10520028 | H8: -0.55035388
A9: 0.10520028 | B9: -0.54513985 | C9: =B9/-0.196 -> 2.7813258 | D9: =A9*1 -> 0.10520028 | E9: =C9*D9 -> 0.29259624 | G9: 0.10520028 | H9: -0.54513985
A10: 0.10550698 | B10: -0.54053926 | C10: =B10/-0.196 -> 2.7578534 | D10: =A10*1 -> 0.10550698 | E10: =C10*D10 -> 0.29097278 | G10: 0.10550698 | H10: -0.54053926
A11: 0.10581369 | B11: -0.53649074 | C11: =B11/-0.196 -> 2.7371976 | D11: =A11*1 -> 0.10581369 | E11: =C11*D11 -> 0.28963298 | G11: 0.10581369 | H11: -0.53649074
A12: 0.1064271 | B12: -0.5328716 | C12: =B12/-0.196 -> 2.7187327 | D12: =A12*1 -> 0.1064271 | E12: =C12*D12 -> 0.28934684 | G12: 0.1064271 | H12: -0.5328716
A13: 0.10704051 | B13: -0.52974319 | C13: =B13/-0.196 -> 2.7027714 | D13: =A13*1 -> 0.10704051 | E13: =C13*D13 -> 0.28930603 | G13: 0.10704051 | H13: -0.52974319
A14: 0.10765392 | B14: -0.52698284 | C14: =B14/-0.196 -> 2.688688 | D14: =A14*1 -> 0.10765392 | E14: =C14*D14 -> 0.28944781 | G14: 0.10765392 | H14: -0.52698284
... A991: 1.0556833 | B991: -0.0048704967 | C991: =B991/-0.196 -> 0.024849473 | D991: =A991*1 -> 1.0556833 | E991: =C991*D991 -> 0.026233172 | G991: 1.0556833 | H991: -0.0048704967
A992: 1.05691 | B992: -0.0040528174 | G992: 1.05691 | H992: -0.0040528174
A993: 1.0578302 | B993: -0.0032541542 | G993: 1.0578302 | H993: -0.0032541542
A994: 1.0587503 | B994: -0.0025843077 | G994: 1.0587503 | H994: -0.0025843077
A995: 1.0599771 | B995: -0.0018543465 | G995: 1.0599771 | H995: -0.0018543465

Sheet 1A-650-LSV-1（举例）
A1: Potential (V) | B1: Current (A) | F1: 峰值功率密度 | G1: Potential (V) | H1: Current (A)
A2: 0.08649119 | B2: -0.47919798 | C2: =B2/-0.196 -> 2.4448876 | D2: =A2*1 -> 0.08649119 | E2: =C2*D2 -> 0.21146124 | F2: =MAX(E:E) -> 0.62991337 | G2: 0.08649119 | H2: -0.47919798
A3: 0.083730832 | B3: -0.45693111 | C3: =B3/-0.196 -> 2.3312812 | D3: =A3*1 -> 0.083730832 | E3: =C3*D3 -> 0.19520011 | G3: 0.083730832 | H3: -0.45693111
A4: 0.08189059 | B4: -0.4410437 | C4: =B4/-0.196 -> 2.250223 | D4: =A4*1 -> 0.08189059 | E4: =C4*D4 -> 0.18427209 | G4: 0.08189059 | H4: -0.4410437
A5: 0.08066377 | B5: -0.42877546 | C5: =B5/-0.196 -> 2.1876299 | D5: =A5*1 -> 0.08066377 | E5: =C5*D5 -> 0.17646248 | G5: 0.08066377 | H5: -0.42877546
A6: 0.08035706 | B6: -0.4190222 | C6: =B6/-0.196 -> 2.1378684 | D6: =A6*1 -> 0.08035706 | E6: =C6*D6 -> 0.17179282 | G6: 0.08035706 | H6: -0.4190222
A7: 0.080050357 | B7: -0.41098648 | C7: =B7/-0.196 -> 2.0968698 | D7: =A7*1 -> 0.080050357 | E7: =C7*D7 -> 0.16785518 | G7: 0.080050357 | H7: -0.41098648
A8: 0.079743646 | B8: -0.40411627 | C8: =B8/-0.196 -> 2.0618177 | D8: =A8*1 -> 0.079743646 | E8: =C8*D8 -> 0.16441686 | G8: 0.079743646 | H8: -0.40411627
A9: 0.079743646 | B9: -0.39804348 | C9: =B9/-0.196 -> 2.0308341 | D9: =A9*1 -> 0.079743646 | E9: =C9*D9 -> 0.16194612 | G9: 0.079743646 | H9: -0.39804348
A10: 0.079743646 | B10: -0.39258412 | C10: =B10/-0.196 -> 2.0029802 | D10: =A10*1 -> 0.079743646 | E10: =C10*D10 -> 0.15972494 | G10: 0.079743646 | H10: -0.39258412
A11: 0.080050357 | B11: -0.38761547 | C11: =B11/-0.196 -> 1.97763 | D11: =A11*1 -> 0.080050357 | E11: =C11*D11 -> 0.15830998 | G11: 0.080050357 | H11: -0.38761547
A12: 0.08035706 | B12: -0.38319889 | C12: =B12/-0.196 -> 1.9550964 | D12: =A12*1 -> 0.08035706 | E12: =C12*D12 -> 0.1571058 | G12: 0.08035706 | H12: -0.38319889
A13: 0.08035706 | B13: -0.37921172 | C13: =B13/-0.196 -> 1.9347537 | D13: =A13*1 -> 0.08035706 | E13: =C13*D13 -> 0.15547112 | G13: 0.08035706 | H13: -0.37921172
A14: 0.080970474 | B14: -0.37559259 | C14: =B14/-0.196 -> 1.9162887 | D14: =A14*1 -> 0.080970474 | E14: =C14*D14 -> 0.15516281 | G14: 0.080970474 | H14: -0.37559259
... A992: 1.0682582 | B992: -0.0022628794 | C992: =B992/-0.196 -> 0.011545303 | D992: =A992*1 -> 1.0682582 | E992: =C992*D992 -> 0.012333364 | G992: 1.0682582 | H992: -0.0022628794
A993: 1.0691783 | B993: -0.0017279835 | G993: 1.0691783 | H993: -0.0017279835
A994: 1.0697917 | B994: -0.0012366399 | G994: 1.0697917 | H994: -0.0012366399

Sheet 1A-650-LSV-2（举例）
A1: Potential (V) | B1: Current (A) | F1: 峰值功率密度 | G1: Potential (V) | H1: Current (A)
A2: 0.062874801 | B2: -0.34823439 | C2: =B2/-0.196 -> 1.776706 | D2: =A2*1 -> 0.062874801 | E2: =C2*D2 -> 0.11171004 | F2: =MAX(E:E) -> 0.31440258 | G2: 0.062874801 | H2: -0.34823439
A3: 0.060114443 | B3: -0.32707164 | C3: =B3/-0.196 -> 1.6687328 | D3: =A3*1 -> 0.060114443 | E3: =C3*D3 -> 0.10031495 | G3: 0.060114443 | H3: -0.32707164
A4: 0.058580913 | B4: -0.31210437 | C4: =B4/-0.196 -> 1.5923693 | D4: =A4*1 -> 0.058580913 | E4: =C4*D4 -> 0.093282444 | G4: 0.058580913 | H4: -0.31210437
A5: 0.057660792 | B5: -0.30075625 | C5: =B5/-0.196 -> 1.5344706 | D5: =A5*1 -> 0.057660792 | E5: =C5*D5 -> 0.088478793 | G5: 0.057660792 | H5: -0.30075625
A6: 0.057047378 | B6: -0.29137102 | C6: =B6/-0.196 -> 1.4865868 | D6: =A6*1 -> 0.057047378 | E6: =C6*D6 -> 0.084805881 | G6: 0.057047378 | H6: -0.29137102
A7: 0.056740671 | B7: -0.28345799 | C7: =B7/-0.196 -> 1.4462143 | D7: =A7*1 -> 0.056740671 | E7: =C7*D7 -> 0.082059168 | G7: 0.056740671 | H7: -0.28345799
A8: 0.056740671 | B8: -0.27664912 | C8: =B8/-0.196 -> 1.4114751 | D8: =A8*1 -> 0.056740671 | E8: =C8*D8 -> 0.080088044 | G8: 0.056740671 | H8: -0.27664912
A9: 0.056740671 | B9: -0.27076036 | C9: =B9/-0.196 -> 1.3814304 | D9: =A9*1 -> 0.056740671 | E9: =C9*D9 -> 0.078383288 | G9: 0.056740671 | H9: -0.27076036
A10: 0.056740671 | B10: -0.26554635 | C10: =B10/-0.196 -> 1.3548283 | D10: =A10*1 -> 0.056740671 | E10: =C10*D10 -> 0.076873869 | G10: 0.056740671 | H10: -0.26554635
A11: 0.056740671 | B11: -0.26106843 | C11: =B11/-0.196 -> 1.3319818 | D11: =A11*1 -> 0.056740671 | E11: =C11*D11 -> 0.075577542 | G11: 0.056740671 | H11: -0.26106843
A12: 0.057354085 | B12: -0.25683588 | C12: =B12/-0.196 -> 1.3103871 | D12: =A12*1 -> 0.057354085 | E12: =C12*D12 -> 0.075156055 | G12: 0.057354085 | H12: -0.25683588
A13: 0.057660792 | B13: -0.25309408 | C13: =B13/-0.196 -> 1.2912963 | D13: =A13*1 -> 0.057660792 | E13: =C13*D13 -> 0.074457168 | G13: 0.057660792 | H13: -0.25309408
A14: 0.058274206 | B14: -0.24959762 | C14: =B14/-0.196 -> 1.2734573 | D14: =A14*1 -> 0.058274206 | E14: =C14*D14 -> 0.074209711 | G14: 0.058274206 | H14: -0.24959762
... A991: 1.0756191 | B991: -0.0004992566 | C991: =B991/-0.196 -> 0.0025472275 | D991: =A991*1 -> 1.0756191 | E991: =C991*D991 -> 0.0027398466 | G991: 1.0756191 | H991: -0.0004992566
A992: 1.0765393 | B992: -0.00010354406 | G992: 1.0765393 | H992: -0.00010354406
A993: 1.0777661 | B993: 0.00020100307 | G993: 1.0777661 | H993: 0.00020100307
A994: 1.0783795 | B994: 0.00055280753 | G994: 1.0783795 | H994: 0.00055280753
A995: 1.0796063 | B995: 0.00086583197 | G995: 1.0796063 | H995: 0.00086583197

Sheet 汇总
A1: .txt的名称 | D1: 1A-600-LSV-1（举例） | G1: 1A-600-LSV-2（举例） | J1: 1A-650-LSV-1（举例） | M1: 61A-650-LSV-2（举例）50
A2: ='.txt的名称'!F2 -> 1.4600676 | D2: ='1A-600-LSV-1（举例）'!F2 -> 1.2173581 | G2: ='1A-600-LSV-2（举例）'!F2 -> 0.94779688
A3: ='.txt的名称'!C2*1 -> 4.7311016 | B3: ='.txt的名称'!D2*1 -> 0.16592813 | C3: ='.txt的名称'!E2*1 -> 0.78502283 | D3: ='1A-600-LSV-1（举例）'!C2*1 -> 3.8892241 | E3: ='1A-600-LSV-1（举例）'!D2*1 -> 0.1358709 | F3: ='1A-600-LSV-1（举例）'!E2*1 -> 0.52843239 | G3: ='1A-600-LSV-2（举例）'!C2*1 -> 3.1731588 | H3: ='1A-600-LSV-2（举例）'!D2*1 -> 0.11164111 | I3: ='1A-600-LSV-2（举例）'!E2*1 -> 0.35425497 | J3: ='1A-650-LSV-1（举例）'!C2*1 -> 2.4448876 | K3: ='1A-650-LSV-1（举例）'!D2*1 -> 0.08649119 | L3: ='1A-650-LSV-1（举例）'!E2*1 -> 0.21146124 | M3: ='1A-650-LSV-2（举例）'!C2 -> 1.776706 | N3: ='1A-650-LSV-2（举例）'!D2 -> 0.062874801 | O3: ='1A-650-LSV-2（举例）'!E2 -> 0.11171004
A4: ='.txt的名称'!C3*1 -> 4.657555 | B4: ='.txt的名称'!D3*1 -> 0.16408789 | C4: ='.txt的名称'!E3*1 -> 0.76424838 | D4: ='1A-600-LSV-1（举例）'!C3*1 -> 3.8012807 | E4: ='1A-600-LSV-1（举例）'!D3*1 -> 0.13403067 | F4: ='1A-600-LSV-1（举例）'!E3*1 -> 0.50948821 | G4: ='1A-600-LSV-2（举例）'!C3*1 -> 3.0633077 | H4: ='1A-600-LSV-2（举例）'!D3*1 -> 0.10888075 | I4: ='1A-600-LSV-2（举例）'!E3*1 -> 0.33353525 | J4: ='1A-650-LSV-1（举例）'!C3*1 -> 2.3312812 | K4: ='1A-650-LSV-1（举例）'!D3*1 -> 0.083730832 | L4: ='1A-650-LSV-1（举例）'!E3*1 -> 0.19520011 | M4: ='1A-650-LSV-2（举例）'!C3 -> 1.6687328 | N4: ='1A-650-LSV-2（举例）'!D3 -> 0.060114443 | O4: ='1A-650-LSV-2（举例）'!E3 -> 0.10031495
A5: ='.txt的名称'!C4*1 -> 4.6037247 | B5: ='.txt的名称'!D4*1 -> 0.16347449 | C5: ='.txt的名称'!E4*1 -> 0.75259153 | D5: ='1A-600-LSV-1（举例）'!C4*1 -> 3.7399397 | E5: ='1A-600-LSV-1（举例）'!D4*1 -> 0.13280384 | F5: ='1A-600-LSV-1（举例）'!E4*1 -> 0.49667836 | G5: ='1A-600-LSV-2（举例）'!C4*1 -> 2.9853792 | H5: ='1A-600-LSV-2（举例）'!D4*1 -> 0.10704051 | I5: ='1A-600-LSV-2（举例）'!E4*1 -> 0.31955651 | J5: ='1A-650-LSV-1（举例）'!C4*1 -> 2.250223 | K5: ='1A-650-LSV-1（举例）'!D4*1 -> 0.08189059 | L5: ='1A-650-LSV-1（举例）'!E4*1 -> 0.18427209 | M5: ='1A-650-LSV-2（举例）'!C4 -> 1.5923693 | N5: ='1A-650-LSV-2（举例）'!D4 -> 0.058580913 | O5: ='1A-650-LSV-2（举例）'!E4 -> 0.093282444
A6: ='.txt的名称'!C5*1 -> 4.5627261 | B6: ='.txt的名称'!D5*1 -> 0.16316777 | C6: ='.txt的名称'!E5*1 -> 0.74448987 | D6: ='1A-600-LSV-1（举例）'!C5*1 -> 3.6936208 | E6: ='1A-600-LSV-1（举例）'!D5*1 -> 0.13249713 | F6: ='1A-600-LSV-1（举例）'!E5*1 -> 0.48939416 | G6: ='1A-600-LSV-2（举例）'!C5*1 -> 2.9265418 | H6: ='1A-600-LSV-2（举例）'!D5*1 -> 0.10612039 | I6: ='1A-600-LSV-2（举例）'!E5*1 -> 0.31056577 | J6: ='1A-650-LSV-1（举例）'!C5*1 -> 2.1876299 | K6: ='1A-650-LSV-1（举例）'!D5*1 -> 0.08066377 | L6: ='1A-650-LSV-1（举例）'!E5*1 -> 0.17646248 | M6: ='1A-650-LSV-2（举例）'!C5 -> 1.5344706 | N6: ='1A-650-LSV-2（举例）'!D5 -> 0.057660792 | O6: ='1A-650-LSV-2（举例）'!E5 -> 0.088478793
A7: ='.txt的名称'!C6*1 -> 4.5301777 | B7: ='.txt的名称'!D6*1 -> 0.16286106 | C7: ='.txt的名称'!E6*1 -> 0.73778957 | D7: ='1A-600-LSV-1（举例）'!C6*1 -> 3.6582554 | E7: ='1A-600-LSV-1（举例）'!D6*1 -> 0.13219044 | F7: ='1A-600-LSV-1（举例）'!E6*1 -> 0.48358638 | G7: ='1A-600-LSV-2（举例）'!C6*1 -> 2.8789709 | H7: ='1A-600-LSV-2（举例）'!D6*1 -> 0.10550698 | I7: ='1A-600-LSV-2（举例）'!E6*1 -> 0.30375153 | J7: ='1A-650-LSV-1（举例）'!C6*1 -> 2.1378684 | K7: ='1A-650-LSV-1（举例）'!D6*1 -> 0.08035706 | L7: ='1A-650-LSV-1（举例）'!E6*1 -> 0.17179282 | M7: ='1A-650-LSV-2（举例）'!C6 -> 1.4865868 | N7: ='1A-650-LSV-2（举例）'!D6 -> 0.057047378 | O7: ='1A-650-LSV-2（举例）'!E6 -> 0.084805881
A8: ='.txt的名称'!C7*1 -> 4.5032629 | B8: ='.txt的名称'!D7*1 -> 0.16286106 | C8: ='.txt的名称'!E7*1 -> 0.73340619 | D8: ='1A-600-LSV-1（举例）'!C7*1 -> 3.6297757 | E8: ='1A-600-LSV-1（举例）'!D7*1 -> 0.13249713 | F8: ='1A-600-LSV-1（举例）'!E7*1 -> 0.48093487 | G8: ='1A-600-LSV-2（举例）'!C7*1 -> 2.8404764 | H8: ='1A-600-LSV-2（举例）'!D7*1 -> 0.10550698 | I8: ='1A-600-LSV-2（举例）'!E7*1 -> 0.29969008 | J8: ='1A-650-LSV-1（举例）'!C7*1 -> 2.0968698 | K8: ='1A-650-LSV-1（举例）'!D7*1 -> 0.080050357 | L8: ='1A-650-LSV-1（举例）'!E7*1 -> 0.16785518 | M8: ='1A-650-LSV-2（举例）'!C7 -> 1.4462143 | N8: ='1A-650-LSV-2（举例）'!D7 -> 0.056740671 | O8: ='1A-650-LSV-2（举例）'!E7 -> 0.082059168
A9: ='.txt的名称'!C8*1 -> 4.4797902 | B9: ='.txt的名称'!D8*1 -> 0.16347449 | C9: ='.txt的名称'!E8*1 -> 0.7323314 | D9: ='1A-600-LSV-1（举例）'!C8*1 -> 3.6078679 | E9: ='1A-600-LSV-1（举例）'!D8*1 -> 0.13249713 | F9: ='1A-600-LSV-1（举例）'!E8*1 -> 0.47803215 | G9: ='1A-600-LSV-2（举例）'!C8*1 -> 2.807928 | H9: ='1A-600-LSV-2（举例）'!D8*1 -> 0.10520028 | I9: ='1A-600-LSV-2（举例）'!E8*1 -> 0.2953948 | J9: ='1A-650-LSV-1（举例）'!C8*1 -> 2.0618177 | K9: ='1A-650-LSV-1（举例）'!D8*1 -> 0.079743646 | L9: ='1A-650-LSV-1（举例）'!E8*1 -> 0.16441686 | M9: ='1A-650-LSV-2（举例）'!C8 -> 1.4114751 | N9: ='1A-650-LSV-2（举例）'!D8 -> 0.056740671 | O9: ='1A-650-LSV-2（举例）'!E8 -> 0.080088044
A10: ='.txt的名称'!C9*1 -> 4.4606994 | B10: ='.txt的名称'!D9*1 -> 0.16347449 | C10: ='.txt的名称'!E9*1 -> 0.72921054 | D10: ='1A-600-LSV-1（举例）'!C9*1 -> 3.5881513 | E10: ='1A-600-LSV-1（举例）'!D9*1 -> 0.13280384 | F10: ='1A-600-LSV-1（举例）'!E9*1 -> 0.47652027 | G10: ='1A-600-LSV-2（举例）'!C9*1 -> 2.7813258 | H10: ='1A-600-LSV-2（举例）'!D9*1 -> 0.10520028 | I10: ='1A-600-LSV-2（举例）'!E9*1 -> 0.29259624 | J10: ='1A-650-LSV-1（举例）'!C9*1 -> 2.0308341 | K10: ='1A-650-LSV-1（举例）'!D9*1 -> 0.079743646 | L10: ='1A-650-LSV-1（举例）'!E9*1 -> 0.16194612 | M10: ='1A-650-LSV-2（举例）'!C9 -> 1.3814304 | N10: ='1A-650-LSV-2（举例）'!D9 -> 0.056740671 | O10: ='1A-650-LSV-2（举例）'!E9 -> 0.078383288
A11: ='.txt的名称'!C10*1 -> 4.4441123 | B11: ='.txt的名称'!D10*1 -> 0.16408789 | C11: ='.txt的名称'!E10*1 -> 0.72922501 | D11: ='1A-600-LSV-1（举例）'!C10*1 -> 3.5715641 | E11: ='1A-600-LSV-1（举例）'!D10*1 -> 0.13341726 | F11: ='1A-600-LSV-1（举例）'!E10*1 -> 0.47650831 | G11: ='1A-600-LSV-2（举例）'!C10*1 -> 2.7578534 | H11: ='1A-600-LSV-2（举例）'!D10*1 -> 0.10550698 | I11: ='1A-600-LSV-2（举例）'!E10*1 -> 0.29097278 | J11: ='1A-650-LSV-1（举例）'!C10*1 -> 2.0029802 | K11: ='1A-650-LSV-1（举例）'!D10*1 -> 0.079743646 | L11: ='1A-650-LSV-1（举例）'!E10*1 -> 0.15972494 | M11: ='1A-650-LSV-2（举例）'!C10 -> 1.3548283 | N11: ='1A-650-LSV-2（举例）'!D10 -> 0.056740671 | O11: ='1A-650-LSV-2（举例）'!E10 -> 0.076873869
A12: ='.txt的名称'!C11*1 -> 4.4290898 | B12: ='.txt的名称'!D11*1 -> 0.1647013 | C12: ='.txt的名称'!E11*1 -> 0.72947684 | D12: ='1A-600-LSV-1（举例）'!C11*1 -> 3.5581066 | E12: ='1A-600-LSV-1（举例）'!D11*1 -> 0.13403067 | F12: ='1A-600-LSV-1（举例）'!E11*1 -> 0.47689541 | G12: ='1A-600-LSV-2（举例）'!C11*1 -> 2.7371976 | H12: ='1A-600-LSV-2（举例）'!D11*1 -> 0.10581369 | I12: ='1A-600-LSV-2（举例）'!E11*1 -> 0.28963298 | J12: ='1A-650-LSV-1（举例）'!C11*1 -> 1.97763 | K12: ='1A-650-LSV-1（举例）'!D11*1 -> 0.080050357 | L12: ='1A-650-LSV-1（举例）'!E11*1 -> 0.15830998 | M12: ='1A-650-LSV-2（举例）'!C11 -> 1.3319818 | N12: ='1A-650-LSV-2（举例）'!D11 -> 0.056740671 | O12: ='1A-650-LSV-2（举例）'!E11 -> 0.075577542
A13: ='.txt的名称'!C12*1 -> 4.4153196 | B13: ='.txt的名称'!D12*1 -> 0.16531472 | C13: ='.txt的名称'!E12*1 -> 0.72991732 | D13: ='1A-600-LSV-1（举例）'!C12*1 -> 3.5468398 | E13: ='1A-600-LSV-1（举例）'!D12*1 -> 0.13464408 | F13: ='1A-600-LSV-1（举例）'!E12*1 -> 0.47756096 | G13: ='1A-600-LSV-2（举例）'!C12*1 -> 2.7187327 | H13: ='1A-600-LSV-2（举例）'!D12*1 -> 0.1064271 | I13: ='1A-600-LSV-2（举例）'!E12*1 -> 0.28934684 | J13: ='1A-650-LSV-1（举例）'!C12*1 -> 1.9550964 | K13: ='1A-650-LSV-1（举例）'!D12*1 -> 0.08035706 | L13: ='1A-650-LSV-1（举例）'!E12*1 -> 0.1571058 | M13: ='1A-650-LSV-2（举例）'!C12 -> 1.3103871 | N13: ='1A-650-LSV-2（举例）'!D12 -> 0.057354085 | O13: ='1A-650-LSV-2（举例）'!E12 -> 0.075156055
A14: ='.txt的名称'!C13*1 -> 4.4037396 | B14: ='.txt的名称'!D13*1 -> 0.16562143 | C14: ='.txt的名称'!E13*1 -> 0.72935364 | D14: ='1A-600-LSV-1（举例）'!C13*1 -> 3.5358859 | E14: ='1A-600-LSV-1（举例）'!D13*1 -> 0.1352575 | F14: ='1A-600-LSV-1（举例）'!E13*1 -> 0.47825508 | G14: ='1A-600-LSV-2（举例）'!C13*1 -> 2.7027714 | H14: ='1A-600-LSV-2（举例）'!D13*1 -> 0.10704051 | I14: ='1A-600-LSV-2（举例）'!E13*1 -> 0.28930603 | J14: ='1A-650-LSV-1（举例）'!C13*1 -> 1.9347537 | K14: ='1A-650-LSV-1（举例）'!D13*1 -> 0.08035706 | L14: ='1A-650-LSV-1（举例）'!E13*1 -> 0.15547112 | M14: ='1A-650-LSV-2（举例）'!C13 -> 1.2912963 | N14: ='1A-650-LSV-2（举例）'!D13 -> 0.057660792 | O14: ='1A-650-LSV-2（举例）'!E13 -> 0.074457168
... A996: ='.txt的名称'!C995*1 -> 0 | B996: ='.txt的名称'!D995*1 -> 0 | C996: ='.txt的名称'!E995*1 -> 0 | D996: ='1A-600-LSV-1（举例）'!C995*1 -> 0 | E996: ='1A-600-LSV-1（举例）'!D995*1 -> 0 | F996: ='1A-600-LSV-1（举例）'!E995*1 -> 0 | G996: ='1A-600-LSV-2（举例）'!C995*1 -> 0 | H996: ='1A-600-LSV-2（举例）'!D995*1 -> 0 | I996: ='1A-600-LSV-2（举例）'!E995*1 -> 0 | J996: ='1A-650-LSV-1（举例）'!C995*1 -> 0 | K996: ='1A-650-LSV-1（举例）'!D995*1 -> 0 | L996: ='1A-650-LSV-1（举例）'!E995*1 -> 0 | M996: ='1A-650-LSV-2（举例）'!C995 -> 0 | N996: ='1A-650-LSV-2（举例）'!D995 -> 0 | O996: ='1A-650-LSV-2（举例）'!E995 -> 0
