Workbook

Sheet RΩ汇总
A1: .txt的名称 | C1: EIS拟合 | E1: 1A-600-EIS-1（举例） | G1: EIS拟合 | I1: 1A-600-EIS-2（举例） | K1: EIS拟合 | M1: 1A-650-EIS-1（举例） | O1: EIS拟合
A2: ='.txt的名称'!B2*0.196 -> 0.15026454 | B2: ='.txt的名称'!C2*-0.196 -> -0.25286847 | C2: EIS-ECM结果的第二列 | D2: EIS-ECM结果的第三列*-1 | E2: ='1A-600-EIS-1（举例）'!B2*0.196 -> 0.25940236 | F2: ='1A-600-EIS-1（举例）'!C2*-0.196 -> -0.27905855 | G2: EIS-ECM结果的第二列 | H2: EIS-ECM结果的第三列*-1 | I2: ='1A-600-EIS-2（举例）'!B2*0.196 -> 0.25045266 | J2: ='1A-600-EIS-2（举例）'!C2*-0.196 -> -0.24340306 | K2: EIS-ECM结果的第二列 | L2: EIS-ECM结果的第三列*-1 | M2: ='1A-650-EIS-1（举例）'!B2*0.196 -> 0.30576816 | N2: ='1A-650-EIS-1（举例）'!C2*-0.196 -> -0.33984367 | O2: EIS-ECM结果的第二列 | P2: EIS-ECM结果的第三列*-1
A3: ='.txt的名称'!B3*0.196 -> 0.15025036 | B3: ='.txt的名称'!C3*-0.196 -> -0.2009225 | E3: ='1A-600-EIS-1（举例）'!B3*0.196 -> 0.16688118 | F3: ='1A-600-EIS-1（举例）'!C3*-0.196 -> -0.20010395 | I3: ='1A-600-EIS-2（举例）'!B3*0.196 -> 0.19632476 | J3: ='1A-600-EIS-2（举例）'!C3*-0.196 -> -0.20042483 | M3: ='1A-650-EIS-1（举例）'!B3*0.196 -> 0.24941564 | N3: ='1A-650-EIS-1（举例）'!C3*-0.196 -> -0.20068062
A4: ='.txt的名称'!B4*0.196 -> 0.15120142 | B4: ='.txt的名称'!C4*-0.196 -> -0.15962746 | E4: ='1A-600-EIS-1（举例）'!B4*0.196 -> 0.16994375 | F4: ='1A-600-EIS-1（举例）'!C4*-0.196 -> -0.15917014 | I4: ='1A-600-EIS-2（举例）'!B4*0.196 -> 0.2008444 | J4: ='1A-600-EIS-2（举例）'!C4*-0.196 -> -0.15940166 | M4: ='1A-650-EIS-1（举例）'!B4*0.196 -> 0.25544873 | N4: ='1A-650-EIS-1（举例）'!C4*-0.196 -> -0.15881726
A5: ='.txt的名称'!B5*0.196 -> 0.1511839 | B5: ='.txt的名称'!C5*-0.196 -> -0.12680084 | E5: ='1A-600-EIS-1（举例）'!B5*0.196 -> 0.17100773 | F5: ='1A-600-EIS-1（举例）'!C5*-0.196 -> -0.12594317 | I5: ='1A-600-EIS-2（举例）'!B5*0.196 -> 0.20095123 | J5: ='1A-600-EIS-2（举例）'!C5*-0.196 -> -0.12610426 | M5: ='1A-650-EIS-1（举例）'!B5*0.196 -> 0.25628543 | N5: ='1A-650-EIS-1（举例）'!C5*-0.196 -> -0.12542115
A6: ='.txt的名称'!B6*0.196 -> 0.15218612 | B6: ='.txt的名称'!C6*-0.196 -> -0.098694009 | E6: ='1A-600-EIS-1（举例）'!B6*0.196 -> 0.17139408 | F6: ='1A-600-EIS-1（举例）'!C6*-0.196 -> -0.10023167 | I6: ='1A-600-EIS-2（举例）'!B6*0.196 -> 0.2010957 | J6: ='1A-600-EIS-2（举例）'!C6*-0.196 -> -0.099874375 | M6: ='1A-650-EIS-1（举例）'!B6*0.196 -> 0.25550185 | N6: ='1A-650-EIS-1（举例）'!C6*-0.196 -> -0.099817472
A7: ='.txt的名称'!B7*0.196 -> 0.15210996 | B7: ='.txt的名称'!C7*-0.196 -> -0.078214836 | E7: ='1A-600-EIS-1（举例）'!B7*0.196 -> 0.17065426 | F7: ='1A-600-EIS-1（举例）'!C7*-0.196 -> -0.078804751 | I7: ='1A-600-EIS-2（举例）'!B7*0.196 -> 0.20174223 | J7: ='1A-600-EIS-2（举例）'!C7*-0.196 -> -0.07885591 | M7: ='1A-650-EIS-1（举例）'!B7*0.196 -> 0.25619782 | N7: ='1A-650-EIS-1（举例）'!C7*-0.196 -> -0.078202766
A8: ='.txt的名称'!B8*0.196 -> 0.15175894 | B8: ='.txt的名称'!C8*-0.196 -> -0.061655002 | E8: ='1A-600-EIS-1（举例）'!B8*0.196 -> 0.17118915 | F8: ='1A-600-EIS-1（举例）'!C8*-0.196 -> -0.061843974 | I8: ='1A-600-EIS-2（举例）'!B8*0.196 -> 0.20176762 | J8: ='1A-600-EIS-2（举例）'!C8*-0.196 -> -0.061996516 | M8: ='1A-650-EIS-1（举例）'!B8*0.196 -> 0.25611779 | N8: ='1A-650-EIS-1（举例）'!C8*-0.196 -> -0.061513037
A9: ='.txt的名称'!B9*0.196 -> 0.15195855 | B9: ='.txt的名称'!C9*-0.196 -> -0.048685904 | E9: ='1A-600-EIS-1（举例）'!B9*0.196 -> 0.17118924 | F9: ='1A-600-EIS-1（举例）'!C9*-0.196 -> -0.049209584 | I9: ='1A-600-EIS-2（举例）'!B9*0.196 -> 0.20185903 | J9: ='1A-600-EIS-2（举例）'!C9*-0.196 -> -0.048513806 | M9: ='1A-650-EIS-1（举例）'!B9*0.196 -> 0.25645999 | N9: ='1A-650-EIS-1（举例）'!C9*-0.196 -> -0.047702688
A10: ='.txt的名称'!B10*0.196 -> 0.15199367 | B10: ='.txt的名称'!C10*-0.196 -> -0.038106647 | E10: ='1A-600-EIS-1（举例）'!B10*0.196 -> 0.17173557 | F10: ='1A-600-EIS-1（举例）'!C10*-0.196 -> -0.038255968 | I10: ='1A-600-EIS-2（举例）'!B10*0.196 -> 0.20198753 | J10: ='1A-600-EIS-2（举例）'!C10*-0.196 -> -0.038286141 | M10: ='1A-650-EIS-1（举例）'!B10*0.196 -> 0.25621159 | N10: ='1A-650-EIS-1（举例）'!C10*-0.196 -> -0.037784177
A11: ='.txt的名称'!B11*0.196 -> 0.15207281 | B11: ='.txt的名称'!C11*-0.196 -> -0.030260736 | E11: ='1A-600-EIS-1（举例）'!B11*0.196 -> 0.17179131 | F11: ='1A-600-EIS-1（举例）'!C11*-0.196 -> -0.029930755 | I11: ='1A-600-EIS-2（举例）'!B11*0.196 -> 0.20213702 | J11: ='1A-600-EIS-2（举例）'!C11*-0.196 -> -0.030418374 | M11: ='1A-650-EIS-1（举例）'!B11*0.196 -> 0.2566183 | N11: ='1A-650-EIS-1（举例）'!C11*-0.196 -> -0.029187102
A12: ='.txt的名称'!B12*0.196 -> 0.15243378 | B12: ='.txt的名称'!C12*-0.196 -> -0.024205068 | E12: ='1A-600-EIS-1（举例）'!B12*0.196 -> 0.17230066 | F12: ='1A-600-EIS-1（举例）'!C12*-0.196 -> -0.023820815 | I12: ='1A-600-EIS-2（举例）'!B12*0.196 -> 0.20254901 | J12: ='1A-600-EIS-2（举例）'!C12*-0.196 -> -0.023583874 | M12: ='1A-650-EIS-1（举例）'!B12*0.196 -> 0.25749098 | N12: ='1A-650-EIS-1（举例）'!C12*-0.196 -> -0.022815687
A13: ='.txt的名称'!B13*0.196 -> 0.1525735 | B13: ='.txt的名称'!C13*-0.196 -> -0.018168836 | E13: ='1A-600-EIS-1（举例）'!B13*0.196 -> 0.17268283 | F13: ='1A-600-EIS-1（举例）'!C13*-0.196 -> -0.017642793 | I13: ='1A-600-EIS-2（举例）'!B13*0.196 -> 0.20314994 | J13: ='1A-600-EIS-2（举例）'!C13*-0.196 -> -0.017277197 | M13: ='1A-650-EIS-1（举例）'!B13*0.196 -> 0.25795419 | N13: ='1A-650-EIS-1（举例）'!C13*-0.196 -> -0.015805419
A14: ='.txt的名称'!B14*0.196 -> 0.1529667 | B14: ='.txt的名称'!C14*-0.196 -> -0.013895659 | E14: ='1A-600-EIS-1（举例）'!B14*0.196 -> 0.17294486 | F14: ='1A-600-EIS-1（举例）'!C14*-0.196 -> -0.012555703 | I14: ='1A-600-EIS-2（举例）'!B14*0.196 -> 0.20324441 | J14: ='1A-600-EIS-2（举例）'!C14*-0.196 -> -0.012493959 | M14: ='1A-650-EIS-1（举例）'!B14*0.196 -> 0.25850205 | N14: ='1A-650-EIS-1（举例）'!C14*-0.196 -> -0.011646542
... A62: ='.txt的名称'!B62*0.196 -> 0.22327886 | B62: ='.txt的名称'!C62*-0.196 -> 0.0025208243 | E62: ='1A-600-EIS-1（举例）'!B62*0.196 -> 0.29500004 | F62: ='1A-600-EIS-1（举例）'!C62*-0.196 -> 0.0024416252 | I62: ='1A-600-EIS-2（举例）'!B62*0.196 -> 0.35715907 | J62: ='1A-600-EIS-2（举例）'!C62*-0.196 -> 0.003203823 | M62: ='1A-650-EIS-1（举例）'!B62*0.196 -> 0.53118718 | N62: ='1A-650-EIS-1（举例）'!C62*-0.196 -> 0.0060156076

Sheet Rp汇总
A1: .txt的名称 | B1: {=LOOKUP(2,1/(A:A<>""),A:A)} -> 0.067805361 | D1: {=LOOKUP(2,1/(C:C<>""),C:C)} -> EIS拟合 | F1: {=LOOKUP(2,1/(E:E<>""),E:E)} -> 0.11926885 | H1: {=LOOKUP(2,1/(G:G<>""),G:G)} -> EIS拟合 | J1: {=LOOKUP(2,1/(I:I<>""),I:I)} -> 0.15091375 | L1: {=LOOKUP(2,1/(K:K<>""),K:K)} -> 拟合 | N1: {=LOOKUP(2,1/(M:M<>""),M:M)} -> 0.26943127 | P1: {=LOOKUP(2,1/(O:O<>""),O:O)} -> 拟合
C2: EIS拟合 | E2: 1A-600-EIS-1（举例） | G2: EIS拟合 | I2: 1A-600-EIS-2（举例） | K2: 拟合 | M2: 1A-650-EIS-1（举例） | O2: 拟合
A3: {=RΩ汇总!A2-INDEX(RΩ汇总!A:A,MATCH(MIN(IF(RΩ汇总!B:B>0,RΩ汇总!B:B)),RΩ汇总!B:B,0))} -> -0.0052089554 | B3: -0.25286847 | C3: {=RΩ汇总!C2-INDEX(RΩ汇总!C:C,MATCH(MIN(IF(RΩ汇总!D:D>0,RΩ汇总!D:D)),RΩ汇总!D:D,0))} -> #VALUE! | D3: =RΩ汇总!D2 -> EIS-ECM结果的第三列*-1 | E3: {=RΩ汇总!E2-INDEX(RΩ汇总!E:E,MATCH(MIN(IF(RΩ汇总!F:F>0,RΩ汇总!F:F)),RΩ汇总!F:F,0))} -> 0.083671168 | F3: -0.27905855 | G3: {=RΩ汇总!G2-INDEX(RΩ汇总!G:G,MATCH(MIN(IF(RΩ汇总!G:G>0,RΩ汇总!G:G)),RΩ汇总!G:G,0))} -> #VALUE! | H3: =RΩ汇总!H2 -> EIS-ECM结果的第三列*-1 | I3: {=RΩ汇总!I2-INDEX(RΩ汇总!I:I,MATCH(MIN(IF(RΩ汇总!J:J>0,RΩ汇总!J:J)),RΩ汇总!J:J,0))} -> 0.044207345 | J3: -0.24340306 | K3: {=RΩ汇总!K2-INDEX(RΩ汇总!K:K,MATCH(MIN(IF(RΩ汇总!K:K>0,RΩ汇总!K:K)),RΩ汇总!K:K,0))} -> #VALUE! | L3: =RΩ汇总!L2 -> EIS-ECM结果的第三列*-1 | M3: {=RΩ汇总!M2-INDEX(RΩ汇总!M:M,MATCH(MIN(IF(RΩ汇总!N:N>0,RΩ汇总!N:N)),RΩ汇总!N:N,0))} -> 0.044012259 | N3: -0.33984367 | O3: {=RΩ汇总!O2-INDEX(RΩ汇总!O:O,MATCH(MIN(IF(RΩ汇总!O:O>0,RΩ汇总!O:O)),RΩ汇总!O:O,0))} -> #VALUE! | P3: =RΩ汇总!P2 -> EIS-ECM结果的第三列*-1
A4: {=RΩ汇总!A3-INDEX(RΩ汇总!A:A,MATCH(MIN(IF(RΩ汇总!B:B>0,RΩ汇总!B:B)),RΩ汇总!B:B,0))} -> -0.0052231403 | B4: -0.2009225 | C4: {=RΩ汇总!C3-INDEX(RΩ汇总!C:C,MATCH(MIN(IF(RΩ汇总!D:D>0,RΩ汇总!D:D)),RΩ汇总!D:D,0))} -> #N/A | D4: =RΩ汇总!D3 -> 0 | E4: {=RΩ汇总!E3-INDEX(RΩ汇总!E:E,MATCH(MIN(IF(RΩ汇总!F:F>0,RΩ汇总!F:F)),RΩ汇总!F:F,0))} -> -0.0088500099 | F4: -0.20010395 | G4: {=RΩ汇总!G3-INDEX(RΩ汇总!G:G,MATCH(MIN(IF(RΩ汇总!G:G>0,RΩ汇总!G:G)),RΩ汇总!G:G,0))} -> #N/A | H4: =RΩ汇总!H3 -> 0 | I4: {=RΩ汇总!I3-INDEX(RΩ汇总!I:I,MATCH(MIN(IF(RΩ汇总!J:J>0,RΩ汇总!J:J)),RΩ汇总!J:J,0))} -> -0.009920558 | J4: -0.20042483 | K4: {=RΩ汇总!K3-INDEX(RΩ汇总!K:K,MATCH(MIN(IF(RΩ汇总!K:K>0,RΩ汇总!K:K)),RΩ汇总!K:K,0))} -> #N/A | L4: =RΩ汇总!L3 -> 0 | M4: {=RΩ汇总!M3-INDEX(RΩ汇总!M:M,MATCH(MIN(IF(RΩ汇总!N:N>0,RΩ汇总!N:N)),RΩ汇总!N:N,0))} -> -0.012340264 | N4: -0.20068062 | O4: {=RΩ汇总!O3-INDEX(RΩ汇总!O:O,MATCH(MIN(IF(RΩ汇总!O:O>0,RΩ汇总!O:O)),RΩ汇总!O:O,0))} -> #N/A | P4: =RΩ汇总!P3 -> 0
A5: {=RΩ汇总!A4-INDEX(RΩ汇总!A:A,MATCH(MIN(IF(RΩ汇总!B:B>0,RΩ汇总!B:B)),RΩ汇总!B:B,0))} -> -0.0042720812 | B5: -0.15962746 | C5: {=RΩ汇总!C4-INDEX(RΩ汇总!C:C,MATCH(MIN(IF(RΩ汇总!D:D>0,RΩ汇总!D:D)),RΩ汇总!D:D,0))} -> #N/A | D5: =RΩ汇总!D4 -> 0 | E5: {=RΩ汇总!E4-INDEX(RΩ汇总!E:E,MATCH(MIN(IF(RΩ汇总!F:F>0,RΩ汇总!F:F)),RΩ汇总!F:F,0))} -> -0.0057874371 | F5: -0.15917014 | G5: {=RΩ汇总!G4-INDEX(RΩ汇总!G:G,MATCH(MIN(IF(RΩ汇总!G:G>0,RΩ汇总!G:G)),RΩ汇总!G:G,0))} -> #N/A | H5: =RΩ汇总!H4 -> 0 | I5: {=RΩ汇总!I4-INDEX(RΩ汇总!I:I,MATCH(MIN(IF(RΩ汇总!J:J>0,RΩ汇总!J:J)),RΩ汇总!J:J,0))} -> -0.0054009165 | J5: -0.15940166 | K5: {=RΩ汇总!K4-INDEX(RΩ汇总!K:K,MATCH(MIN(IF(RΩ汇总!K:K>0,RΩ汇总!K:K)),RΩ汇总!K:K,0))} -> #N/A | L5: =RΩ汇总!L4 -> 0 | M5: {=RΩ汇总!M4-INDEX(RΩ汇总!M:M,MATCH(MIN(IF(RΩ汇总!N:N>0,RΩ汇总!N:N)),RΩ汇总!N:N,0))} -> -0.0063071711 | N5: -0.15881726 | O5: {=RΩ汇总!O4-INDEX(RΩ汇总!O:O,MATCH(MIN(IF(RΩ汇总!O:O>0,RΩ汇总!O:O)),RΩ汇总!O:O,0))} -> #N/A | P5: =RΩ汇总!P4 -> 0
A6: {=RΩ汇总!A5-INDEX(RΩ汇总!A:A,MATCH(MIN(IF(RΩ汇总!B:B>0,RΩ汇总!B:B)),RΩ汇总!B:B,0))} -> -0.0042895991 | B6: -0.12680084 | C6: {=RΩ汇总!C5-INDEX(RΩ汇总!C:C,MATCH(MIN(IF(RΩ汇总!D:D>0,RΩ汇总!D:D)),RΩ汇总!D:D,0))} -> #N/A | D6: =RΩ汇总!D5 -> 0 | E6: {=RΩ汇总!E5-INDEX(RΩ汇总!E:E,MATCH(MIN(IF(RΩ汇总!F:F>0,RΩ汇总!F:F)),RΩ汇总!F:F,0))} -> -0.0047234556 | F6: -0.12594317 | G6: {=RΩ汇总!G5-INDEX(RΩ汇总!G:G,MATCH(MIN(IF(RΩ汇总!G:G>0,RΩ汇总!G:G)),RΩ汇总!G:G,0))} -> #N/A | H6: =RΩ汇总!H5 -> 0 | I6: {=RΩ汇总!I5-INDEX(RΩ汇总!I:I,MATCH(MIN(IF(RΩ汇总!J:J>0,RΩ汇总!J:J)),RΩ汇总!J:J,0))} -> -0.0052940863 | J6: -0.12610426 | K6: {=RΩ汇总!K5-INDEX(RΩ汇总!K:K,MATCH(MIN(IF(RΩ汇总!K:K>0,RΩ汇总!K:K)),RΩ汇总!K:K,0))} -> #N/A | L6: =RΩ汇总!L5 -> 0 | M6: {=RΩ汇总!M5-INDEX(RΩ汇总!M:M,MATCH(MIN(IF(RΩ汇总!N:N>0,RΩ汇总!N:N)),RΩ汇总!N:N,0))} -> -0.0054704782 | N6: -0.12542115 | O6: {=RΩ汇总!O5-INDEX(RΩ汇总!O:O,MATCH(MIN(IF(RΩ汇总!O:O>0,RΩ汇总!O:O)),RΩ汇总!O:O,0))} -> #N/A | P6: =RΩ汇总!P5 -> 0
A7: {=RΩ汇总!A6-INDEX(RΩ汇总!A:A,MATCH(MIN(IF(RΩ汇总!B:B>0,RΩ汇总!B:B)),RΩ汇总!B:B,0))} -> -0.0032873759 | B7: -0.098694009 | C7: {=RΩ汇总!C6-INDEX(RΩ汇总!C:C,MATCH(MIN(IF(RΩ汇总!D:D>0,RΩ汇总!D:D)),RΩ汇总!D:D,0))} -> #N/A | D7: =RΩ汇总!D6 -> 0 | E7: {=RΩ汇总!E6-INDEX(RΩ汇总!E:E,MATCH(MIN(IF(RΩ汇总!F:F>0,RΩ汇总!F:F)),RΩ汇总!F:F,0))} -> -0.0043371104 | F7: -0.10023167 | G7: {=RΩ汇总!G6-INDEX(RΩ汇总!G:G,MATCH(MIN(IF(RΩ汇总!G:G>0,RΩ汇总!G:G)),RΩ汇总!G:G,0))} -> #N/A | H7: =RΩ汇总!H6 -> 0 | I7: {=RΩ汇总!I6-INDEX(RΩ汇总!I:I,MATCH(MIN(IF(RΩ汇总!J:J>0,RΩ汇总!J:J)),RΩ汇总!J:J,0))} -> -0.005149614 | J7: -0.099874375 | K7: {=RΩ汇总!K6-INDEX(RΩ汇总!K:K,MATCH(MIN(IF(RΩ汇总!K:K>0,RΩ汇总!K:K)),RΩ汇总!K:K,0))} -> #N/A | L7: =RΩ汇总!L6 -> 0 | M7: {=RΩ汇总!M6-INDEX(RΩ汇总!M:M,MATCH(MIN(IF(RΩ汇总!N:N>0,RΩ汇总!N:N)),RΩ汇总!N:N,0))} -> -0.0062540565 | N7: -0.099817472 | O7: {=RΩ汇总!O6-INDEX(RΩ汇总!O:O,MATCH(MIN(IF(RΩ汇总!O:O>0,RΩ汇总!O:O)),RΩ汇总!O:O,0))} -> #N/A | P7: =RΩ汇总!P6 -> 0
A8: {=RΩ汇总!A7-INDEX(RΩ汇总!A:A,MATCH(MIN(IF(RΩ汇总!B:B>0,RΩ汇总!B:B)),RΩ汇总!B:B,0))} -> -0.0033635434 | B8: -0.078214836 | C8: {=RΩ汇总!C7-INDEX(RΩ汇总!C:C,MATCH(MIN(IF(RΩ汇总!D:D>0,RΩ汇总!D:D)),RΩ汇总!D:D,0))} -> #N/A | D8: =RΩ汇总!D7 -> 0 | E8: {=RΩ汇总!E7-INDEX(RΩ汇总!E:E,MATCH(MIN(IF(RΩ汇总!F:F>0,RΩ汇总!F:F)),RΩ汇总!F:F,0))} -> -0.0050769326 | F8: -0.078804751 | G8: {=RΩ汇总!G7-INDEX(RΩ汇总!G:G,MATCH(MIN(IF(RΩ汇总!G:G>0,RΩ汇总!G:G)),RΩ汇总!G:G,0))} -> #N/A | H8: =RΩ汇总!H7 -> 0 | I8: {=RΩ汇总!I7-INDEX(RΩ汇总!I:I,MATCH(MIN(IF(RΩ汇总!J:J>0,RΩ汇总!J:J)),RΩ汇总!J:J,0))} -> -0.0045030827 | J8: -0.07885591 | K8: {=RΩ汇总!K7-INDEX(RΩ汇总!K:K,MATCH(MIN(IF(RΩ汇总!K:K>0,RΩ汇总!K:K)),RΩ汇总!K:K,0))} -> #N/A | L8: =RΩ汇总!L7 -> 0 | M8: {=RΩ汇总!M7-INDEX(RΩ汇总!M:M,MATCH(MIN(IF(RΩ汇总!N:N>0,RΩ汇总!N:N)),RΩ汇总!N:N,0))} -> -0.0055580889 | N8: -0.078202766 | O8: {=RΩ汇总!O7-INDEX(RΩ汇总!O:O,MATCH(MIN(IF(RΩ汇总!O:O>0,RΩ汇总!O:O)),RΩ汇总!O:O,0))} -> #N/A | P8: =RΩ汇总!P7 -> 0
A9: {=RΩ汇总!A8-INDEX(RΩ汇总!A:A,MATCH(MIN(IF(RΩ汇总!B:B>0,RΩ汇总!B:B)),RΩ汇总!B:B,0))} -> -0.0037145585 | B9: -0.061655002 | C9: {=RΩ汇总!C8-INDEX(RΩ汇总!C:C,MATCH(MIN(IF(RΩ汇总!D:D>0,RΩ汇总!D:D)),RΩ汇总!D:D,0))} -> #N/A | D9: =RΩ汇总!D8 -> 0 | E9: {=RΩ汇总!E8-INDEX(RΩ汇总!E:E,MATCH(MIN(IF(RΩ汇总!F:F>0,RΩ汇总!F:F)),RΩ汇总!F:F,0))} -> -0.0045420367 | F9: -0.061843974 | G9: {=RΩ汇总!G8-INDEX(RΩ汇总!G:G,MATCH(MIN(IF(RΩ汇总!G:G>0,RΩ汇总!G:G)),RΩ汇总!G:G,0))} -> #N/A | H9: =RΩ汇总!H8 -> 0 | I9: {=RΩ汇总!I8-INDEX(RΩ汇总!I:I,MATCH(MIN(IF(RΩ汇总!J:J>0,RΩ汇总!J:J)),RΩ汇总!J:J,0))} -> -0.0044776934 | J9: -0.061996516 | K9: {=RΩ汇总!K8-INDEX(RΩ汇总!K:K,MATCH(MIN(IF(RΩ汇总!K:K>0,RΩ汇总!K:K)),RΩ汇总!K:K,0))} -> #N/A | L9: =RΩ汇总!L8 -> 0 | M9: {=RΩ汇总!M8-INDEX(RΩ汇总!M:M,MATCH(MIN(IF(RΩ汇总!N:N>0,RΩ汇总!N:N)),RΩ汇总!N:N,0))} -> -0.0056381159 | N9: -0.061513037 | O9: {=RΩ汇总!O8-INDEX(RΩ汇总!O:O,MATCH(MIN(IF(RΩ汇总!O:O>0,RΩ汇总!O:O)),RΩ汇总!O:O,0))} -> #N/A | P9: =RΩ汇总!P8 -> 0
A10: {=RΩ汇总!A9-INDEX(RΩ汇总!A:A,MATCH(MIN(IF(RΩ汇总!B:B>0,RΩ汇总!B:B)),RΩ汇总!B:B,0))} -> -0.0035149517 | B10: -0.048685904 | C10: {=RΩ汇总!C9-INDEX(RΩ汇总!C:C,MATCH(MIN(IF(RΩ汇总!D:D>0,RΩ汇总!D:D)),RΩ汇总!D:D,0))} -> #N/A | D10: =RΩ汇总!D9 -> 0 | E10: {=RΩ汇总!E9-INDEX(RΩ汇总!E:E,MATCH(MIN(IF(RΩ汇总!F:F>0,RΩ汇总!F:F)),RΩ汇总!F:F,0))} -> -0.00454195 | F10: -0.049209584 | G10: {=RΩ汇总!G9-INDEX(RΩ汇总!G:G,MATCH(MIN(IF(RΩ汇总!G:G>0,RΩ汇总!G:G)),RΩ汇总!G:G,0))} -> #N/A | H10: =RΩ汇总!H9 -> 0 | I10: {=RΩ汇总!I9-INDEX(RΩ汇总!I:I,MATCH(MIN(IF(RΩ汇总!J:J>0,RΩ汇总!J:J)),RΩ汇总!J:J,0))} -> -0.004386287 | J10: -0.048513806 | K10: {=RΩ汇总!K9-INDEX(RΩ汇总!K:K,MATCH(MIN(IF(RΩ汇总!K:K>0,RΩ汇总!K:K)),RΩ汇总!K:K,0))} -> #N/A | L10: =RΩ汇总!L9 -> 0 | M10: {=RΩ汇总!M9-INDEX(RΩ汇总!M:M,MATCH(MIN(IF(RΩ汇总!N:N>0,RΩ汇总!N:N)),RΩ汇总!N:N,0))} -> -0.0052959134 | N10: -0.047702688 | O10: {=RΩ汇总!O9-INDEX(RΩ汇总!O:O,MATCH(MIN(IF(RΩ汇总!O:O>0,RΩ汇总!O:O)),RΩ汇总!O:O,0))} -> #N/A | P10: =RΩ汇总!P9 -> 0
A11: {=RΩ汇总!A10-INDEX(RΩ汇总!A:A,MATCH(MIN(IF(RΩ汇总!B:B>0,RΩ汇总!B:B)),RΩ汇总!B:B,0))} -> -0.0034798256 | B11: -0.038106647 | C11: {=RΩ汇总!C10-INDEX(RΩ汇总!C:C,MATCH(MIN(IF(RΩ汇总!D:D>0,RΩ汇总!D:D)),RΩ汇总!D:D,0))} -> #N/A | D11: =RΩ汇总!D10 -> 0 | E11: {=RΩ汇总!E10-INDEX(RΩ汇总!E:E,MATCH(MIN(IF(RΩ汇总!F:F>0,RΩ汇总!F:F)),RΩ汇总!F:F,0))} -> -0.0039956229 | F11: -0.038255968 | G11: {=RΩ汇总!G10-INDEX(RΩ汇总!G:G,MATCH(MIN(IF(RΩ汇总!G:G>0,RΩ汇总!G:G)),RΩ汇总!G:G,0))} -> #N/A | H11: =RΩ汇总!H10 -> 0 | I11: {=RΩ汇总!I10-INDEX(RΩ汇总!I:I,MATCH(MIN(IF(RΩ汇总!J:J>0,RΩ汇总!J:J)),RΩ汇总!J:J,0))} -> -0.0042577805 | J11: -0.038286141 | K11: {=RΩ汇总!K10-INDEX(RΩ汇总!K:K,MATCH(MIN(IF(RΩ汇总!K:K>0,RΩ汇总!K:K)),RΩ汇总!K:K,0))} -> #N/A | L11: =RΩ汇总!L10 -> 0 | M11: {=RΩ汇总!M10-INDEX(RΩ汇总!M:M,MATCH(MIN(IF(RΩ汇总!N:N>0,RΩ汇总!N:N)),RΩ汇总!N:N,0))} -> -0.0055443191 | N11: -0.037784177 | O11: {=RΩ汇总!O10-INDEX(RΩ汇总!O:O,MATCH(MIN(IF(RΩ汇总!O:O>0,RΩ汇总!O:O)),RΩ汇总!O:O,0))} -> #N/A | P11: =RΩ汇总!P10 -> 0
A12: {=RΩ汇总!A11-INDEX(RΩ汇总!A:A,MATCH(MIN(IF(RΩ汇总!B:B>0,RΩ汇总!B:B)),RΩ汇总!B:B,0))} -> -0.0034006846 | B12: -0.030260736 | C12: {=RΩ汇总!C11-INDEX(RΩ汇总!C:C,MATCH(MIN(IF(RΩ汇总!D:D>0,RΩ汇总!D:D)),RΩ汇总!D:D,0))} -> #N/A | D12: =RΩ汇总!D11 -> 0 | E12: {=RΩ汇总!E11-INDEX(RΩ汇总!E:E,MATCH(MIN(IF(RΩ汇总!F:F>0,RΩ汇总!F:F)),RΩ汇总!F:F,0))} -> -0.0039398816 | F12: -0.029930755 | G12: {=RΩ汇总!G11-INDEX(RΩ汇总!G:G,MATCH(MIN(IF(RΩ汇总!G:G>0,RΩ汇总!G:G)),RΩ汇总!G:G,0))} -> #N/A | H12: =RΩ汇总!H11 -> 0 | I12: {=RΩ汇总!I11-INDEX(RΩ汇总!I:I,MATCH(MIN(IF(RΩ汇总!J:J>0,RΩ汇总!J:J)),RΩ汇总!J:J,0))} -> -0.0041083004 | J12: -0.030418374 | K12: {=RΩ汇总!K11-INDEX(RΩ汇总!K:K,MATCH(MIN(IF(RΩ汇总!K:K>0,RΩ汇总!K:K)),RΩ汇总!K:K,0))} -> #N/A | L12: =RΩ汇总!L11 -> 0 | M12: {=RΩ汇总!M11-INDEX(RΩ汇总!M:M,MATCH(MIN(IF(RΩ汇总!N:N>0,RΩ汇总!N:N)),RΩ汇总!N:N,0))} -> -0.0051376077 | N12: -0.029187102 | O12: {=RΩ汇总!O11-INDEX(RΩ汇总!O:O,MATCH(MIN(IF(RΩ汇总!O:O>0,RΩ汇总!O:O)),RΩ汇总!O:O,0))} -> #N/A | P12: =RΩ汇总!P11 -> 0
A13: {=RΩ汇总!A12-INDEX(RΩ汇总!A:A,MATCH(MIN(IF(RΩ汇总!B:B>0,RΩ汇总!B:B)),RΩ汇总!B:B,0))} -> -0.003039724 | B13: -0.024205068 | C13: {=RΩ汇总!C12-INDEX(RΩ汇总!C:C,MATCH(MIN(IF(RΩ汇总!D:D>0,RΩ汇总!D:D)),RΩ汇总!D:D,0))} -> #N/A | D13: =RΩ汇总!D12 -> 0 | E13: {=RΩ汇总!E12-INDEX(RΩ汇总!E:E,MATCH(MIN(IF(RΩ汇总!F:F>0,RΩ汇总!F:F)),RΩ汇总!F:F,0))} -> -0.0034305309 | F13: -0.023820815 | G13: {=RΩ汇总!G12-INDEX(RΩ汇总!G:G,MATCH(MIN(IF(RΩ汇总!G:G>0,RΩ汇总!G:G)),RΩ汇总!G:G,0))} -> #N/A | H13: =RΩ汇总!H12 -> 0 | I13: {=RΩ汇总!I12-INDEX(RΩ汇总!I:I,MATCH(MIN(IF(RΩ汇总!J:J>0,RΩ汇总!J:J)),RΩ汇总!J:J,0))} -> -0.0036963072 | J13: -0.023583874 | K13: {=RΩ汇总!K12-INDEX(RΩ汇总!K:K,MATCH(MIN(IF(RΩ汇总!K:K>0,RΩ汇总!K:K)),RΩ汇总!K:K,0))} -> #N/A | L13: =RΩ汇总!L12 -> 0 | M13: {=RΩ汇总!M12-INDEX(RΩ汇总!M:M,MATCH(MIN(IF(RΩ汇总!N:N>0,RΩ汇总!N:N)),RΩ汇总!N:N,0))} -> -0.0042649217 | N13: -0.022815687 | O13: {=RΩ汇总!O12-INDEX(RΩ汇总!O:O,MATCH(MIN(IF(RΩ汇总!O:O>0,RΩ汇总!O:O)),RΩ汇总!O:O,0))} -> #N/A | P13: =RΩ汇总!P12 -> 0
A14: {=RΩ汇总!A13-INDEX(RΩ汇总!A:A,MATCH(MIN(IF(RΩ汇总!B:B>0,RΩ汇总!B:B)),RΩ汇总!B:B,0))} -> -0.0029000023 | B14: -0.018168836 | C14: {=RΩ汇总!C13-INDEX(RΩ汇总!C:C,MATCH(MIN(IF(RΩ汇总!D:D>0,RΩ汇总!D:D)),RΩ汇总!D:D,0))} -> #N/A | D14: =RΩ汇总!D13 -> 0 | E14: {=RΩ汇总!E13-INDEX(RΩ汇总!E:E,MATCH(MIN(IF(RΩ汇总!F:F>0,RΩ汇总!F:F)),RΩ汇总!F:F,0))} -> -0.003048362 | F14: -0.017642793 | G14: {=RΩ汇总!G13-INDEX(RΩ汇总!G:G,MATCH(MIN(IF(RΩ汇总!G:G>0,RΩ汇总!G:G)),RΩ汇总!G:G,0))} -> #N/A | H14: =RΩ汇总!H13 -> 0 | I14: {=RΩ汇总!I13-INDEX(RΩ汇总!I:I,MATCH(MIN(IF(RΩ汇总!J:J>0,RΩ汇总!J:J)),RΩ汇总!J:J,0))} -> -0.0030953788 | J14: -0.017277197 | K14: {=RΩ汇总!K13-INDEX(RΩ汇总!K:K,MATCH(MIN(IF(RΩ汇总!K:K>0,RΩ汇总!K:K)),RΩ汇总!K:K,0))} -> #N/A | L14: =RΩ汇总!L13 -> 0 | M14: {=RΩ汇总!M13-INDEX(RΩ汇总!M:M,MATCH(MIN(IF(RΩ汇总!N:N>0,RΩ汇总!N:N)),RΩ汇总!N:N,0))} -> -0.0038017165 | N14: -0.015805419 | O14: {=RΩ汇总!O13-INDEX(RΩ汇总!O:O,MATCH(MIN(IF(RΩ汇总!O:O>0,RΩ汇总!O:O)),RΩ汇总!O:O,0))} -> #N/A | P14: =RΩ汇总!P13 -> 0
... A63: {=RΩ汇总!A62-INDEX(RΩ汇总!A:A,MATCH(MIN(IF(RΩ汇总!B:B>0,RΩ汇总!B:B)),RΩ汇总!B:B,0))} -> 0.067805361 | B63: 0.0025208243 | C63: {=RΩ汇总!C62-INDEX(RΩ汇总!C:C,MATCH(MIN(IF(RΩ汇总!D:D>0,RΩ汇总!D:D)),RΩ汇总!D:D,0))} -> #N/A | D63: =RΩ汇总!D62 -> 0 | E63: {=RΩ汇总!E62-INDEX(RΩ汇总!E:E,MATCH(MIN(IF(RΩ汇总!F:F>0,RΩ汇总!F:F)),RΩ汇总!F:F,0))} -> 0.11926885 | F63: 0.0024416252 | G63: {=RΩ汇总!G62-INDEX(RΩ汇总!G:G,MATCH(MIN(IF(RΩ汇总!G:G>0,RΩ汇总!G:G)),RΩ汇总!G:G,0))} -> #N/A | H63: =RΩ汇总!H62 -> 0 | I63: {=RΩ汇总!I62-INDEX(RΩ汇总!I:I,MATCH(MIN(IF(RΩ汇总!J:J>0,RΩ汇总!J:J)),RΩ汇总!J:J,0))} -> 0.15091375 | J63: 0.003203823 | K63: {=RΩ汇总!K62-INDEX(RΩ汇总!K:K,MATCH(MIN(IF(RΩ汇总!K:K>0,RΩ汇总!K:K)),RΩ汇总!K:K,0))} -> #N/A | L63: =RΩ汇总!L62 -> 0 | M63: {=RΩ汇总!M62-INDEX(RΩ汇总!M:M,MATCH(MIN(IF(RΩ汇总!N:N>0,RΩ汇总!N:N)),RΩ汇总!N:N,0))} -> 0.26943127 | N63: 0.0060156076 | O63: {=RΩ汇总!O62-INDEX(RΩ汇总!O:O,MATCH(MIN(IF(RΩ汇总!O:O>0,RΩ汇总!O:O)),RΩ汇总!O:O,0))} -> #N/A | P63: =RΩ汇总!P62 -> 0

Sheet DRT汇总
A1: .txt的名称 | C1: 1A-600-EIS-1（举例） | E1: 1A-600-EIS-2（举例） | G1: 1A-650-EIS-1（举例）
A2: DRT结果里的第一列freq (Hz) | B2: DRT结果里的第二列gamma | C2: DRT结果里的第一列freq (Hz) | D2: DRT结果里的第二列gamma | E2: DRT结果里的第一列freq (Hz) | F2: DRT结果里的第二列gamma | G2: DRT结果里的第一列freq (Hz) | H2: DRT结果里的第二列gamma

Sheet .txt的名称
A1: Frequency (Hz) | B1: Zre (ohms) | C1: Zim (ohms)
A2: 100000 | B2: 0.76665584 | C2: 1.2901452
A3: 79432.82 | B3: 0.76658347 | C3: 1.0251148
A4: 63095.734 | B4: 0.77143581 | C4: 0.81442583
A5: 50118.723 | B5: 0.77134643 | C5: 0.64694308
A6: 39810.719 | B6: 0.77645981 | C6: 0.50354086
A7: 31622.777 | B7: 0.7760712 | C7: 0.39905529
A8: 25118.865 | B8: 0.77428031 | C8: 0.31456634
A9: 19952.623 | B9: 0.77529871 | C9: 0.24839747
A10: 15848.932 | B10: 0.77547793 | C10: 0.19442167
A11: 12589.254 | B11: 0.77588171 | C11: 0.15439151
A12: 10000 | B12: 0.77772334 | C12: 0.12349524
A13: 7943.2822 | B13: 0.77843621 | C13: 0.092698144
... A62: 0.1 | B62: 1.1391779 | C62: -0.012861348

Sheet 1A-600-EIS-1（举例）
A1: Frequency (Hz) | B1: Zre (ohms) | C1: Zim (ohms)
A2: 100000 | B2: 1.3234814 | C2: 1.4237681
A3: 79432.82 | B3: 0.85143459 | C3: 1.0209385
A4: 63095.734 | B4: 0.86705996 | C4: 0.81209256
A5: 50118.723 | B5: 0.87248844 | C5: 0.64256718
A6: 39810.719 | B6: 0.87445959 | C6: 0.51138605
A7: 31622.777 | B7: 0.87068499 | C7: 0.40206505
A8: 25118.865 | B8: 0.87341405 | C8: 0.31553048
A9: 19952.623 | B9: 0.87341449 | C9: 0.25106931
A10: 15848.932 | B10: 0.87620187 | C10: 0.19518351
A11: 12589.254 | B11: 0.87648627 | C11: 0.15270793
A12: 10000 | B12: 0.87908499 | C12: 0.12153477
A13: 7943.2822 | B13: 0.88103484 | C13: 0.090014252
... A62: 0.1 | B62: 1.5051022 | C62: -0.012457271

Sheet 1A-600-EIS-2（举例）
A1: Frequency (Hz) | B1: Zre (ohms) | C1: Zim (ohms)
A2: 100000 | B2: 1.2778197 | C2: 1.2418523
A3: 79432.82 | B3: 1.0016569 | C3: 1.0225757
A4: 63095.734 | B4: 1.0247163 | C4: 0.81327376
A5: 50118.723 | B5: 1.0252614 | C5: 0.64338906
A6: 39810.719 | B6: 1.0259985 | C6: 0.50956314
A7: 31622.777 | B7: 1.0292971 | C7: 0.40232607
A8: 25118.865 | B8: 1.0294266 | C8: 0.31630875
A9: 19952.623 | B9: 1.029893 | C9: 0.24751942
A10: 15848.932 | B10: 1.0305486 | C10: 0.19533745
A11: 12589.254 | B11: 1.0313113 | C11: 0.15519578
A12: 10000 | B12: 1.0334133 | C12: 0.12032589
A13: 7943.2822 | B13: 1.0364793 | C13: 0.088148964
... A62: 0.1 | B62: 1.8222401 | C62: -0.016346036

Sheet 1A-650-EIS-1（举例）
A1: Frequency (Hz) | B1: Zre (ohms) | C1: Zim (ohms)
A2: 100000 | B2: 1.5600417 | C2: 1.7338963
A3: 79432.82 | B3: 1.2725288 | C3: 1.0238807
A4: 63095.734 | B4: 1.3033099 | C4: 0.81029214
A5: 50118.723 | B5: 1.3075787 | C5: 0.63990381
A6: 39810.719 | B6: 1.3035809 | C6: 0.50927282
A7: 31622.777 | B7: 1.3071317 | C7: 0.3989937
A8: 25118.865 | B8: 1.3067234 | C8: 0.31384203
A9: 19952.623 | B9: 1.3084693 | C9: 0.24338106
A10: 15848.932 | B10: 1.307202 | C10: 0.19277641
A11: 12589.254 | B11: 1.309277 | C11: 0.14891378
A12: 10000 | B12: 1.3137295 | C12: 0.11640657
A13: 7943.2822 | B13: 1.3160928 | C13: 0.080639892
... A62: 0.1 | B62: 2.7101387 | C62: -0.030691876
